From,Subject,Snippet,cleaned_message,cluster,label
Replit <contact@mail.replit.com>,Limited time offer + create your dream app,"Hi there! As you get comfortable creating apps on Replit, try asking Agent for new ideas. For example, you could say, “Create a custom stock analyzer app,” and watch as new apps appear before your eyes",limited time offer  create your dream app,0,0
amalgamcaptures <info@amalgamcaptures.com>,A better Tweed Champ? Meet the Gibson GA-5! Pick any specials as free add-ons,A Champ inspired amp that delivers some beefiest blues tones.‌ ‌ ‌ ‌ ‌ ‌ ‌ ‌ ‌ ‌ ‌ ‌ ‌ ‌ ‌ ‌ ‌ ‌ ‌ ‌ ‌ ‌ ‌ ‌ ‌ ‌ ‌ ‌ ‌ ‌ ‌ ‌ ‌ ‌ ‌ ‌ ‌ ‌ ‌ ‌ ‌ ‌ ‌ ‌ ‌ ‌ ‌ ‌ ‌ ‌ ‌ ‌ ‌ ‌ ‌ ‌ ‌ ‌ ‌ ‌ ‌ ‌ ‌ ‌ ‌ ‌ ‌ ‌ ‌ ‌,a better tweed champ meet the gibson ga pick any specials as free addons,0,0
Replit <contact@mail.replit.com>,💌 Replit으로 만든 나만의 프로젝트를 소개해주세요.,"안녕하세요. Replit 팀입니다. Replit은 누구나 아이디어를 직접 만들고, 실현할 수 있는 세상을 만들고자 합니다. 지금 여러분이 Replit으로 만든 프로젝트를 소개해 주세요. 👉신청 안내 마감: 2025년 5월 12일(월) 23:59PM 복수 제출 가능: 여러 프로젝트도 환영합니다 신청 링크: https://dub.sh/zyD5TtN 🌟이런 분들의", replit으로 만든 나만의 프로젝트를 소개해주세요,0,0
PlayStation <email@email.playstation.com>,PlayStation 광고성 정보 수신동의 안내,"광고성 정보 수신동의 여부를 안내 드립니다. PlayStation PlayStation RedIndex24님, 안녕하세요. 소니인터랙티브엔터테인먼트코리아 입니다. PlayStation™Network를 이용해주시는 고객 여러분께 감사드리며 정보통신망 이용촉진 및 정보보호등에 관한 법률 제50조 제 8항 및 동법 시행령 제62조의3(수신동의 여부의 확인)에 의거",playstation 광고성 정보 수신동의 안내,0,0
Monica Team <noreply@news.monica.im>,등록이 성공적으로 완료되었습니다! Monica의 ChatGPT를 이기는 비밀을 발견하세요.,"친애하는 친구, Monica에 오신 것을 환영합니다! ChatGPT의 한계를 넘어서고 AI 애플리케이션의 무한한 가능성으로 나아가세요. 이제 당신은 단순한 AI 사용자가 아니라, 세계 최첨단 AI 기술의 최전선에 서 있습니다. 🤔 아직 Monica 플러그인을 설치하지 않으신 것 같습니다 지금 설치하려면 클릭하세요 Monica vs ChatGPT 왜",등록이 성공적으로 완료되었습니다 monica의 chatgpt를 이기는 비밀을 발견하세요,0,0
PlayStation <email@email.playstation.com>,(광고) 기프트 위크 세일 곧 종료!,5월 7일까지 인기 게임을 할인된 가격으로 만나세요 PlayStation PlayStation Store 기프트 위크 세일 5월 7일까지 진행 기프트 위크 세일이 곧 종료됩니다! 대박 할인을 놓치지 마세요. 지금 PS Store를 확인하세요. PS Store에서 할인받기 *기프트 위크 세일은 5월 7일(수) 11:59PM에 종료됩니다. PlayStation,광고 기프트 위크 세일 곧 종료,1,1
amalgamcaptures <info@amalgamcaptures.com>,New Release: Supro 1606 - massive tones from a tiny amp! Pick any specials  as free add-ons,This tiny Supro amp will be a BIG surprise - king of vintage single-ended amps‌ ‌ ‌ ‌ ‌ ‌ ‌ ‌ ‌ ‌ ‌ ‌ ‌ ‌ ‌ ‌ ‌ ‌ ‌ ‌ ‌ ‌ ‌ ‌ ‌ ‌ ‌ ‌ ‌ ‌ ‌ ‌ ‌ ‌ ‌ ‌ ‌ ‌ ‌ ‌ ‌ ‌ ‌ ‌ ‌ ‌ ‌ ‌ ‌ ‌ ‌ ‌ ‌ ‌ ‌ ‌ ‌ ‌ ‌ ‌ ‌ ‌,new release supro   massive tones from a tiny amp pick any specials  as free addons,0,0
Google <no-reply@accounts.google.com>,보안 알림,새로운 계정 로그인 hikhjs@gmail.com 내 Google 계정에 새로 로그인했습니다. 직접 로그인한 것이 맞다면 아무런 조치를 취하지 않아도 됩니다. 본인이 아니라면 안내에 따라 계정을 보호하세요. 활동 확인 다음 페이지에서 보안 활동도 확인할 수 있습니다. https://myaccount.google.com/notifications 이 이메일은,보안 알림,0,0
Google <no-reply@accounts.google.com>,보안 알림,계정에 새 패스키 추가됨 hikhjs@gmail.com 내가 패스키를 추가하지 않았다면 다른 사람이 내 계정을 사용하는 것일 수 있습니다. 지금 계정 보안을 점검하고 강화하세요. 활동 확인 다음 페이지에서 보안 활동도 확인할 수 있습니다. https://myaccount.google.com/notifications 이 이메일은 Google 계정 및 서비스의,보안 알림,0,0
Nintendo <nintendo-noreply@ccg.nintendo.com>,정기적인 닌텐도 어카운트 비밀번호 변경 안내,"・본 메일은 중요한 정보를 포함하고 있으므로, 메일 알림 수신에 동의하지 않으신 분에게도 발송하고 있습니다. ・본 메일은 발신 전용 메일로 회신되지 않습니다. 한국닌텐도주식회사 서울특별시 중구 통일로2길 16 AIA타워 2층 고객지원센터: 1670-9900 E-MAIL: support1@nintendo.co.kr",정기적인 닌텐도 어카운트 비밀번호 변경 안내,0,0
Matt Palmer <matt@mail.replit.com>,"🔥 What's new in Replit: auth, new tutorials, and more!","They say April showers bring May flowers—April was a busy month at Replit &amp; May is shaping up to be a superbloom. Saturday, May 3, 2025 Hey it&#39;s Matt! They say April showers bring May flowers—", whats new in replit auth new tutorials and more,0,0
Medium Daily Digest <noreply@medium.com>,The Dangerous Romance of Writing from Pain | Arshpreet in Write A Catalyst,Hikhjs Stories for Hikhjs @hikhjs·Become a member Medium daily digest Today&#39;s highlights Arshpreet ArshpreetinWrite A Catalyst The Dangerous Romance of Writing from Pain The Dangerous Romance of,the dangerous romance of writing from pain  arshpreet in write a catalyst,0,0
PlayStation <email@email.playstation.com>,PlayStation 개인정보 이용내역 안내,"PlayStation 개인정보 이용내역 안내 PlayStation PlayStation RedIndex24님, 안녕하세요. 소니인터랙티브엔터테인먼트코리아 입니다. PlayStation™Network를 이용해주시는 고객 여러분께 감사드리며 &quot;개인정보보호법 제20조의2 및 동법시행령 제15조의3&quot;에 의거하여 고객님의 2024년 개인정보 이용내역",playstation 개인정보 이용내역 안내,0,0
"""Nintendo of Korea co.,Ltd."" <nintendo-noreply@ccg.nintendo.com>",(광고) 어린이날을 더욱 즐겁게! Nintendo Switch 소프트웨어를 소개합니다.,"(광고) 어린이날을 더욱 즐겁게! Nintendo Switch 소프트웨어를 소개합니다. ・본 메일은 닌텐도 어카운트를 등록하여, 알림 메일 수신에 동의 하신 회원님께 발송되는 메일 입니다. ・추후 메일 수신을 원하지 않으시면 여기 [수신거부]를 클릭하여 주시기 바랍니다. ・If you don&#39;t want to receive this e-mail",광고 어린이날을 더욱 즐겁게 nintendo switch 소프트웨어를 소개합니다,1,1
Medium Daily Digest <noreply@medium.com>,The end of Docker? The Reasons Behind Developers Changing Their Runtimes | Devlink Tips,Hikhjs Stories for Hikhjs @hikhjs·Become a member Medium daily digest Today&#39;s highlights Devlink Tips Devlink TipsinDevlink Tips The end of Docker? The Reasons Behind Developers Changing Their,the end of docker the reasons behind developers changing their runtimes  devlink tips,0,0
Medium Daily Digest <noreply@medium.com>,When Letting Go Feels Like Losing Everything | Mike Curtis in The You Design System,Hikhjs Stories for Hikhjs @hikhjs·Become a member Medium daily digest Today&#39;s highlights Mike Curtis Mike CurtisinThe You Design System When Letting Go Feels Like Losing Everything When Letting Go,when letting go feels like losing everything  mike curtis in the you design system,0,0
PlayStation <email@email.playstation.com>,(광고) 기프트 위크 세일이 5월 7일까지 진행됩니다,"할인을 놓치지 마세요 PlayStation PlayStation Store 기프트 위크 세일 5월 7일까지 진행 기프트 위크 세일이 2025년 5월 7일(수)까지 기간 한정으로 진행 중입니다! 인기 타이틀과 다양한 콘텐츠가 최대 75% 할인되니, 세일이 종료되기 전에 훌륭한 게임을 할인된 가격으로 만나보세요! PS Store에서 할인받기 PlayStation",광고 기프트 위크 세일이 월 일까지 진행됩니다,1,1
PDF By Oscar Torres Ruiz <updates@academia-mail.com>,"📄 ""100128 guthrie govan wonderful slippery thing-2"" by Oscar Torres Ruiz",Academia.edu From your Reading History: 100128 guthrie govan wonderful slippery thing-2 Paper Thumbnail Author Photo Oscar Torres Ruiz 579 Views View PDF ▸ Download PDF ⬇ Want fewer recommendations,  guthrie govan wonderful slippery thing by oscar torres ruiz,0,0
Medium Daily Digest <noreply@medium.com>,The 1-Minute Introduction That Makes People Remember You Forever | Alessia Fransisca in Psyc Digest,Hikhjs Stories for Hikhjs @hikhjs·Become a member Medium daily digest Today&#39;s highlights Alessia Fransisca Alessia FransiscainPsyc Digest The 1-Minute Introduction That Makes People Remember You,the minute introduction that makes people remember you forever  alessia fransisca in psyc digest,0,0
Medium Daily Digest <noreply@medium.com>,Don’t Forget About Your Partner | Mumie Health in The Parenting Portal,Hikhjs Stories for Hikhjs @hikhjs·Become a member Medium daily digest Today&#39;s highlights Mumie Health Mumie HealthinThe Parenting Portal Don&#39;t Forget About Your Partner Don&#39;t Forget About,dont forget about your partner  mumie health in the parenting portal,0,0
Google <no-reply@accounts.google.com>,보안 알림,Mac에서 새로 로그인함 hikhjs@gmail.com Mac 기기에서 내 Google 계정에 새로 로그인했습니다. 직접 로그인한 것이 맞다면 아무런 조치를 취하지 않아도 됩니다. 본인이 아니라면 안내에 따라 계정을 보호하세요. 활동 확인 다음 페이지에서 보안 활동도 확인할 수 있습니다. https://myaccount.google.com/,보안 알림,0,0
"""Nintendo of Korea co.,Ltd."" <nintendo-noreply@ccg.nintendo.com>",(광고) Nintendo Switch 다운로드 소프트웨어 세일!,"(광고) Nintendo Switch 다운로드 소프트웨어 세일! ・본 메일은 닌텐도 어카운트를 등록하여, 알림 메일 수신에 동의 하신 회원님께 발송되는 메일 입니다. ・추후 메일 수신을 원하지 않으시면 여기 [수신거부]를 클릭하여 주시기 바랍니다. ・If you don&#39;t want to receive this e-mail anymore, [Click",광고 nintendo switch 다운로드 소프트웨어 세일,1,1
Medium Daily Digest <noreply@medium.com>,"The Cough That Outcried the ER: Why Whooping Cough Still Haunts Us | René F. Najera, MPH, DrPH in Microbial Instincts","Hikhjs Stories for Hikhjs @hikhjs·Become a member Medium daily digest Today&#39;s highlights René F. Najera, MPH, DrPH René F. Najera, MPH, DrPHinMicrobial Instincts The Cough That Outcried the ER: Why",the cough that outcried the er why whooping cough still haunts us  rené f najera mph drph in microbial instincts,0,0
Medium Daily Digest <noreply@medium.com>,Why American Eggs Got So Damn Expensive | Ricky Lanusse in Policy Panorama,Hikhjs Stories for Hikhjs @hikhjs·Become a member Medium daily digest Today&#39;s highlights Ricky Lanusse Ricky LanusseinPolicy Panorama Why American Eggs Got So Damn Expensive Why American Eggs Got,why american eggs got so damn expensive  ricky lanusse in policy panorama,0,0
Medium Daily Digest <noreply@medium.com>,This Is How Tesla Will Die | Will Lockett in Predict,Hikhjs Stories for Hikhjs @hikhjs·Become a member Medium daily digest Today&#39;s highlights Will Lockett Will LockettinPredict This Is How Tesla Will Die This Is How Tesla Will Die The vultures are,this is how tesla will die  will lockett in predict,0,0
amalgamcaptures <info@amalgamcaptures.com>,New Release: The massive Matchless SuperChief 120 and Easter Specials,Check out the most powerful and one of the rarest Matchless amps!‌ ‌ ‌ ‌ ‌ ‌ ‌ ‌ ‌ ‌ ‌ ‌ ‌ ‌ ‌ ‌ ‌ ‌ ‌ ‌ ‌ ‌ ‌ ‌ ‌ ‌ ‌ ‌ ‌ ‌ ‌ ‌ ‌ ‌ ‌ ‌ ‌ ‌ ‌ ‌ ‌ ‌ ‌ ‌ ‌ ‌ ‌ ‌ ‌ ‌ ‌ ‌ ‌ ‌ ‌ ‌ ‌ ‌ ‌ ‌ ‌ ‌ ‌ ‌ ‌ ‌ ‌ ‌,new release the massive matchless superchief  and easter specials,0,0
"""Nintendo of Korea co.,Ltd."" <nintendo-noreply@ccg.nintendo.com>",(광고) Nintendo Switch 2 소프트웨어 및 주변기기 예약 판매 개시! Nintendo Switch 2 전용 소프트웨어 『마리오 카트 월드』의 Direct 영상도 공개!,"(광고) Nintendo Switch 2 소프트웨어 및 주변기기 예약 판매 개시! Nintendo Switch 2 전용 소프트웨어 『마리오 카트 월드』의 Direct 영상도 공개! ・본 메일은 닌텐도 어카운트를 등록하여, 알림 메일 수신에 동의 하신 회원님께 발송되는 메일 입니다. ・추후 메일 수신을 원하지 않으시면 여기 [수신거부]를 클릭하여 주시기",광고 nintendo switch  소프트웨어 및 주변기기 예약 판매 개시 nintendo switch  전용 소프트웨어 마리오 카트 월드의 direct 영상도 공개,1,1
Medium Daily Digest <noreply@medium.com>,I’ve Been Intermittently Fasting for 10 Years: Here’s What I’ve Learned | Dim Nikov in Tastyble,Hikhjs Stories for Hikhjs @hikhjs·Become a member Medium daily digest Today&#39;s highlights Dim Nikov Dim NikovinTastyble I&#39;ve Been Intermittently Fasting for 10 Years: Here&#39;s What I&#39;ve,ive been intermittently fasting for  years heres what ive learned  dim nikov in tastyble,0,0
Medium Daily Digest <noreply@medium.com>,"When You Let Go of the Past, You Find Peace in the Present | Nour Boustani in The Hub Publication","Hikhjs Stories for Hikhjs @hikhjs·Become a member Medium daily digest Today&#39;s highlights Nour Boustani Nour BoustaniinThe Hub Publication When You Let Go of the Past, You Find Peace in the Present",when you let go of the past you find peace in the present  nour boustani in the hub publication,0,0
Canon ID <no-reply@idm.myid.canon>,"Canon ID에 오신 것을 환영합니다
",Canon 시작 계정을 설정해 주셔서 감사합니다. 이제 Canon ID 계정을 사용하여 호환되는 Canon 서비스에 로그인할 수 있습니다. © Canon Inc.,"canon id에 오신 것을 환영합니다
",0,0
PlayStation <email@email.playstation.com>,(광고) 기프트 위크 세일 시작!,놓칠 수 없는 혜택! PlayStation PlayStation Store 오늘부터 기프트 위크 세일 시작! 기프트 위크 세일에서 제공하는 특별한 할인을 즐겨보세요! 5월 7일(수)까지 기간 한정으로 인기 타이틀을 최대 75% 할인합니다. 이번 기회를 통해 다양한 게임을 훌륭한 가격으로 만나보세요! 지금 세일 보기 필수 PS5 타이틀을 훌륭한 가격으로 즐기,광고 기프트 위크 세일 시작,1,1
Medium Daily Digest <noreply@medium.com>,I’m a Professional Editor and These Phrases Tell Me You Used ChatGPT | Maria Cassano in The Writing Cooperative,Hikhjs Stories for Hikhjs @hikhjs·Become a member Medium daily digest Today&#39;s highlights Maria Cassano Maria CassanoinThe Writing Cooperative I&#39;m a Professional Editor and These Phrases Tell Me,im a professional editor and these phrases tell me you used chatgpt  maria cassano in the writing cooperative,0,0
Medium Daily Digest <noreply@medium.com>,Use Newest Adaptive Scaffold in Flutter For Better UI in Flutter | Ranjan Kumar,Hikhjs Stories for Hikhjs @hikhjs·Become a member Medium daily digest Today&#39;s highlights Ranjan Kumar Ranjan Kumar Use Newest Adaptive Scaffold in Flutter For Better UI in Flutter Use Newest,use newest adaptive scaffold in flutter for better ui in flutter  ranjan kumar,0,0
Replit <contact@mail.replit.com>,Build your app on Replit,"Make something great today Let&#39;s build something great! Create an app in 10 minutes instead of 10 days Don&#39;t know how to code, but want to make an app? We can help: Tell Replit Agent what you",build your app on replit,0,0
Medium Daily Digest <noreply@medium.com>,Converting Unstructured Data into a Knowledge Graph Using an End-to-End Pipeline | Fareed Khan in Level Up Coding,Hikhjs Stories for Hikhjs @hikhjs·Become a member Medium daily digest Today&#39;s highlights Fareed Khan Fareed KhaninLevel Up Coding Converting Unstructured Data into a Knowledge Graph Using an End-to,converting unstructured data into a knowledge graph using an endtoend pipeline  fareed khan in level up coding,0,0
Medium Daily Digest <noreply@medium.com>,"The Number One TestThat Predicts You Might Die Suddenly From A Heart Attack | David Mokotoff, MD in Curated Newsletters","Hikhjs Stories for Hikhjs @hikhjs·Become a member Medium daily digest Today&#39;s highlights David Mokotoff, MD David Mokotoff, MDinCurated Newsletters The Number One TestThat Predicts You Might Die",the number one testthat predicts you might die suddenly from a heart attack  david mokotoff md in curated newsletters,0,0
amalgamcaptures <info@amalgamcaptures.com>,"Phenomenal Dual Amp captures, Easter Egg hunt, Gibson GA-5 Skylark","Buckle up people, as there&#39;s lots of great stuff coming your way for Easter!‌ ‌ ‌ ‌ ‌ ‌ ‌ ‌ ‌ ‌ ‌ ‌ ‌ ‌ ‌ ‌ ‌ ‌ ‌ ‌ ‌ ‌ ‌ ‌ ‌ ‌ ‌ ‌ ‌ ‌ ‌ ‌ ‌ ‌ ‌ ‌ ‌ ‌ ‌ ‌ ‌ ‌ ‌ ‌ ‌ ‌ ‌ ‌ ‌ ‌ ‌ ‌ ‌ ‌ ‌ ‌ ‌ ‌ ‌ ‌ ‌",phenomenal dual amp captures easter egg hunt gibson ga skylark,0,0
Medium Daily Digest <noreply@medium.com>,Agentic AI: Comparing New Open-Source Frameworks | Ida Silfverskiöld in Data Science Collective,Hikhjs Stories for Hikhjs @hikhjs·Become a member Medium daily digest Today&#39;s highlights Ida Silfverskiöld Ida SilfverskiöldinData Science Collective Agentic AI: Comparing New Open-Source,agentic ai comparing new opensource frameworks  ida silfverskiöld in data science collective,0,0
Medium Daily Digest <noreply@medium.com>,You Can Make Money With AI Without Quitting Your Job | Nipuna Maduranga in Learn AI for Profit,Hikhjs Stories for Hikhjs @hikhjs·Become a member Medium daily digest Today&#39;s highlights Nipuna Maduranga Nipuna MadurangainLearn AI for Profit You Can Make Money With AI Without Quitting Your Job,you can make money with ai without quitting your job  nipuna maduranga in learn ai for profit,0,0
Anthropic Team <team@email.anthropic.com>,New Claude Features: Introducing Research and Google Workspace,"Today, we&#39;re introducing two new capabilities that make Claude a more informed and capable collaborator — Research and a Google Workspace integration that connects your email, calendar and",new claude features introducing research and google workspace,0,0
Medium Daily Digest <noreply@medium.com>,What Do You Tell Your Child When You Disagree With Their Teacher | Kim Fedyk in The Parenting Portal,Hikhjs Stories for Hikhjs @hikhjs·Become a member Medium daily digest Today&#39;s highlights Kim Fedyk Kim FedykinThe Parenting Portal What Do You Tell Your Child When You Disagree With Their Teacher,what do you tell your child when you disagree with their teacher  kim fedyk in the parenting portal,0,0
Gamma <hello@gamma.app>,400 무료 AI 크레딧을 선물로 드립니다!,"안녕하세요, 지수님. 변하지 않는 것도 있습니다: Gamma는 여전히 최상의 아이디어를 실현하게 하는 가장 빠르고 강력한 방법을 제공하는 AI 디자인 파트너입니다. 하지만 지난 몇 달 동안 당사의 AI는 훨씬 더 강력해졌습니다. 5천만 사용자 달성을 기념하기 위해 이제 400 AI 크레딧을 제공해 새로운 가능성을 모두 살펴볼 수 있도록 하였습니다. Gamma", 무료 ai 크레딧을 선물로 드립니다,0,0
Medium Daily Digest <noreply@medium.com>,How to Read Someone’s Personality in 10 Seconds (Backed by Psychology) | Singh Bhai in ThinkDraft,Hikhjs Stories for Hikhjs @hikhjs·Become a member Medium daily digest Today&#39;s highlights Singh Bhai Singh BhaiinThinkDraft How to Read Someone&#39;s Personality in 10 Seconds (Backed by Psychology),how to read someones personality in  seconds backed by psychology  singh bhai in thinkdraft,0,0
Medium Daily Digest <noreply@medium.com>,"Obesity is a Hormonal, not a Caloric Imbalance | Dr. Jason Fung","Hikhjs Stories for Hikhjs @hikhjs·Become a member Medium daily digest Today&#39;s highlights Dr. Jason Fung Dr. Jason Fung Obesity is a Hormonal, not a Caloric Imbalance Obesity is a Hormonal, not a",obesity is a hormonal not a caloric imbalance  dr jason fung,0,0
Creatie <hi@creatie.ai>,Invite your team to collaborate on Creatie!,Invite your team members to Creatie. Create amazing products together! ͏ ‌ ﻿ ͏ ‌ ﻿ ͏ ‌ ﻿ ͏ ‌ ﻿ ͏ ‌ ﻿ ͏ ‌ ﻿ ͏ ‌ ﻿ ͏ ‌ ﻿ ͏ ‌ ﻿ ͏ ‌ ﻿ ͏ ‌ ﻿ ͏ ‌ ﻿ ͏ ‌ ﻿ ͏ ‌ ﻿ ͏ ‌ ﻿ ͏ ‌ ﻿ ͏ ‌ ﻿ ͏ ‌ ﻿ ͏ ‌ ﻿ ͏ ‌ ﻿ ͏ ‌ ﻿ ͏ ‌,invite your team to collaborate on creatie,0,0
"""Nintendo of Korea co.,Ltd."" <nintendo-noreply@ccg.nintendo.com>",(광고) Nintendo Switch 2 추첨 판매 중!,"(광고) Nintendo Switch 2 추첨 판매 중! ・본 메일은 닌텐도 어카운트를 등록하여, 알림 메일 수신에 동의 하신 회원님께 발송되는 메일 입니다. ・추후 메일 수신을 원하지 않으시면 여기 [수신거부]를 클릭하여 주시기 바랍니다. ・If you don&#39;t want to receive this e-mail anymore, [Click here",광고 nintendo switch  추첨 판매 중,1,1
Medium Daily Digest <noreply@medium.com>,How I Became Unemployable as a Software Engineer & What I Learned | Dr. Derek Austin 🥳 in Career Programming,Hikhjs Stories for Hikhjs @hikhjs·Become a member Medium daily digest Today&#39;s highlights Dr. Derek Austin 🥳 Dr. Derek Austin 🥳inCareer Programming How I Became Unemployable as a Software Engineer,how i became unemployable as a software engineer  what i learned  dr derek austin  in career programming,0,0
Medium Daily Digest <noreply@medium.com>,The Challenge of Recognizing Neurodiversity vs. Trauma | Morgana Clementine in Wise & Well,Hikhjs Stories for Hikhjs @hikhjs·Become a member Medium daily digest Today&#39;s highlights Morgana Clementine Morgana ClementineinWise &amp; Well The Challenge of Recognizing Neurodiversity vs.,the challenge of recognizing neurodiversity vs trauma  morgana clementine in wise  well,0,0
Replit <contact@mail.replit.com>," [무료] 업무 자동화부터 수익화까지, Replit 활용 사례 공유회","[무료] 업무 자동화부터 수익화까지, Replit 활용 사례 공유회 안녕하세요, Replit 한국 유저 여러분! 그동안 Replit을 직접 써보며 다양한 시도를 해온 한국 유저들이 한자리에 모여 이야기 나누는 첫 공식 모임이 열립니다. 실무에서 어떻게 활용했는지, 사이드 프로젝트에 어떻게 적용했는지직접 써본 사람들의 솔직한 경험을 들을 수 있는 자리입니다.", 무료 업무 자동화부터 수익화까지 replit 활용 사례 공유회,0,0
Medium Daily Digest <noreply@medium.com>,Uncovering My Family’s Darkest Secret — And the Shadow of Hitler That Came With It | Ricky Lanusse in Southern Winds,Hikhjs Stories for Hikhjs @hikhjs·Become a member Medium daily digest Today&#39;s highlights Ricky Lanusse Ricky LanusseinSouthern Winds Uncovering My Family&#39;s Darkest Secret — And the Shadow of,uncovering my familys darkest secret  and the shadow of hitler that came with it  ricky lanusse in southern winds,0,0
amalgamcaptures <info@amalgamcaptures.com>,Holy Grail of Brown Panel Fenders - 1963 Fender Brown Vibroverb (6G16),Captures for ToneX and QC of the most desirable Brown Panel Fender amp.‌ ‌ ‌ ‌ ‌ ‌ ‌ ‌ ‌ ‌ ‌ ‌ ‌ ‌ ‌ ‌ ‌ ‌ ‌ ‌ ‌ ‌ ‌ ‌ ‌ ‌ ‌ ‌ ‌ ‌ ‌ ‌ ‌ ‌ ‌ ‌ ‌ ‌ ‌ ‌ ‌ ‌ ‌ ‌ ‌ ‌ ‌ ‌ ‌ ‌ ‌ ‌ ‌ ‌ ‌ ‌ ‌ ‌ ‌ ‌ ‌ ‌ ‌ ‌ ‌,holy grail of brown panel fenders   fender brown vibroverb g,0,0
"""Nintendo of Korea co.,Ltd."" <nintendo-noreply@ccg.nintendo.com>",(광고) Nintendo Switch 타이틀과 서비스의 최신 정보를 전달합니다!,"(광고) Nintendo Switch 타이틀과 서비스의 최신 정보를 전달합니다! ・본 메일은 닌텐도 어카운트를 등록하여, 알림 메일 수신에 동의 하신 회원님께 발송되는 메일 입니다. ・추후 메일 수신을 원하지 않으시면 여기 [수신거부]를 클릭하여 주시기 바랍니다. ・If you don&#39;t want to receive this e-mail anymore",광고 nintendo switch 타이틀과 서비스의 최신 정보를 전달합니다,1,1
Medium Daily Digest <noreply@medium.com>,Everything You Need to Know about Zone 2 Training | Brady Holmer,Hikhjs Stories for Hikhjs @hikhjs·Become a member Medium daily digest Today&#39;s highlights Brady Holmer Brady Holmer Everything You Need to Know about Zone 2 Training Everything You Need to Know,everything you need to know about zone  training  brady holmer,0,0
MuseScore <info@mail.musescore.com>,Spring for some Songbooks with 95% off,Get something just for you this spring ͏ ͏ ͏ ͏ ͏ ͏ ͏ ͏ ͏ ͏ ͏ ͏ ͏ ͏ ͏ ͏ ͏ ͏ ͏ ͏ ͏ ͏ ͏ ͏ ͏ ͏ ͏ ͏ ͏ ͏ ͏ ͏ ͏ ͏ ͏ ͏ ͏ ͏ ͏ ͏ ͏ ͏ ͏ ͏ ͏ ͏ ͏ ͏ ͏ ͏ ͏ ͏ ͏ ͏ ͏ ͏ ͏ ͏ ͏ ͏ ͏ ͏ ͏ ͏ ͏ ͏ ͏ ͏ ͏ ͏ ͏ ͏ ͏ ͏ ͏ ͏ ͏ ͏ ͏ ͏ ͏,spring for some songbooks with  off,0,0
Creatie <hi@creatie.ai>,Get started easier with Creatie's seamless import! 📁,Import your files to Creatie with ease. Unlock AI-powered design with your existing files. ͏ ‌ ﻿ ͏ ‌ ﻿ ͏ ‌ ﻿ ͏ ‌ ﻿ ͏ ‌ ﻿ ͏ ‌ ﻿ ͏ ‌ ﻿ ͏ ‌ ﻿ ͏ ‌ ﻿ ͏ ‌ ﻿ ͏ ‌ ﻿ ͏ ‌ ﻿ ͏ ‌ ﻿ ͏ ‌ ﻿ ͏ ‌ ﻿ ͏ ‌ ﻿ ͏ ‌ ﻿ ͏ ‌ ﻿ ͏,get started easier with creaties seamless import ,0,0
Medium Daily Digest <noreply@medium.com>,"Ozempic… for your Brain? | F. Perry Wilson, MD","Hikhjs Stories for Hikhjs @hikhjs·Become a member Medium daily digest Today&#39;s highlights F. Perry Wilson, MD F. Perry Wilson, MD Ozempic… for your Brain? Ozempic… for your Brain? Highest quality",ozempic for your brain  f perry wilson md,0,0
Creatie <hi@creatie.ai>,Welcome to the world of Creatie!!,Welcome to Creatie! Let AI help you stay focused on creativity. ͏ ‌ ﻿ ͏ ‌ ﻿ ͏ ‌ ﻿ ͏ ‌ ﻿ ͏ ‌ ﻿ ͏ ‌ ﻿ ͏ ‌ ﻿ ͏ ‌ ﻿ ͏ ‌ ﻿ ͏ ‌ ﻿ ͏ ‌ ﻿ ͏ ‌ ﻿ ͏ ‌ ﻿ ͏ ‌ ﻿ ͏ ‌ ﻿ ͏ ‌ ﻿ ͏ ‌ ﻿ ͏ ‌ ﻿ ͏ ‌ ﻿ ͏ ‌ ﻿ ͏ ‌ ﻿ ͏ ‌ ﻿ ͏ ‌ ﻿,welcome to the world of creatie,0,0
Medium Daily Digest <noreply@medium.com>,Why LEGO’s Tudor Corner Is Every Architect’s Nightmare | Attila Vágó in Bricks n’ Brackets,Hikhjs Stories for Hikhjs @hikhjs·Become a member Medium daily digest Today&#39;s highlights Attila Vágó Attila VágóinBricks n&#39; Brackets Why LEGO&#39;s Tudor Corner Is Every Architect&#39;s,why legos tudor corner is every architects nightmare  attila vágó in bricks n brackets,0,0
Medium Daily Digest <noreply@medium.com>,Coding vs VIBE Coding | Adarsh Gupta in Write A Catalyst,Hikhjs Stories for Hikhjs @hikhjs·Become a member Medium daily digest Today&#39;s highlights Adarsh Gupta Adarsh GuptainWrite A Catalyst Coding vs VIBE Coding Coding vs VIBE Coding Vibe Coding just,coding vs vibe coding  adarsh gupta in write a catalyst,0,0
The Replit Team <contact@mail.replit.com>,"Limited time offer, create your dream app","Hi there! As you get comfortable creating apps on Replit, try asking Agent for new ideas. For example, you could say, “Create a custom stock analyzer app,” and watch as new apps appear before your eyes",limited time offer create your dream app,0,0
Medium Daily Digest <noreply@medium.com>,When Your Friend Thinks You Are a Real Hacker | Vijay Kumar Gupta,Hikhjs Stories for Hikhjs @hikhjs·Become a member Medium daily digest Today&#39;s highlights Vijay Kumar Gupta Vijay Kumar Gupta When Your Friend Thinks You Are a Real Hacker When Your Friend Thinks,when your friend thinks you are a real hacker  vijay kumar gupta,0,0
Medium Daily Digest <noreply@medium.com>,What Really Is Vibe Coding | Pen Magnet in The Startup,"Hikhjs Stories for Hikhjs @hikhjs·Become a member Medium daily digest Today&#39;s highlights Pen Magnet Pen MagnetinThe Startup What Really Is Vibe Coding What Really Is Vibe Coding It will stay, but",what really is vibe coding  pen magnet in the startup,0,0
PlayStation <email@email.playstation.com>,(광고) PlayStation 주간 업데이트,"PlayStation 최신 업데이트 내용을 확인하세요 PlayStation PlayStation PlayStation × YOASOBI「PLAYERS」 123초 버전 공개 #MemoryOfPlay를 원작으로 YOASOBI가 제작하 곡 「PLAYERS」를 사용한 특별 광고 123초의 완전판이 공개 중입니다! 배우 니시노 나나세 씨, VTuber 우사다 페코라",광고 playstation 주간 업데이트,1,1
Matt Palmer <matt@mail.replit.com>,"⚡ What's new in Replit: Agent v2, Course Launch, Visual Editor & more!","March was pure MADNESS and the team has been cooking. This month&#39;s updates include: Agent v2, Visual Editor, a new free course, and much more. Saturday, April 5, 2025 Matt with Replit here, March", whats new in replit agent v course launch visual editor  more,0,0
Medium Daily Digest <noreply@medium.com>,Creating AI-Powered NPCs in Pygame: A Step-by-Step Guide | Buse Şenol in Data Science Collective,Hikhjs Stories for Hikhjs @hikhjs·Become a member Medium daily digest Today&#39;s highlights Buse Şenol Buse ŞenolinData Science Collective Creating AI-Powered NPCs in Pygame: A Step-by-Step Guide,creating aipowered npcs in pygame a stepbystep guide  buse şenol in data science collective,0,0
"""Nintendo of Korea co.,Ltd."" <nintendo-noreply@ccg.nintendo.com>",(광고) 「Nintendo Switch 2」 2025년 6월 5일 발매!,"(광고) 「Nintendo Switch 2」 2025년 6월 5일 발매! ・본 메일은 닌텐도 어카운트를 등록하여, 알림 메일 수신에 동의 하신 회원님께 발송되는 메일 입니다. ・추후 메일 수신을 원하지 않으시면 여기 [수신거부]를 클릭하여 주시기 바랍니다. ・If you don&#39;t want to receive this e-mail anymore, [",광고 nintendo switch  년 월 일 발매,1,1
Medium Daily Digest <noreply@medium.com>,Why Experienced Programmers Fail Coding Interviews | The Coding Diaries,Hikhjs Stories for Hikhjs @hikhjs·Become a member Medium daily digest Today&#39;s highlights The Coding Diaries The Coding DiariesinThe Coding Diaries Why Experienced Programmers Fail Coding Interviews,why experienced programmers fail coding interviews  the coding diaries,0,0
MuseScore <info@mail.musescore.com>,Spring Sale: 83% off,Save big on MuseScore Learn ͏ ͏ ͏ ͏ ͏ ͏ ͏ ͏ ͏ ͏ ͏ ͏ ͏ ͏ ͏ ͏ ͏ ͏ ͏ ͏ ͏ ͏ ͏ ͏ ͏ ͏ ͏ ͏ ͏ ͏ ͏ ͏ ͏ ͏ ͏ ͏ ͏ ͏ ͏ ͏ ͏ ͏ ͏ ͏ ͏ ͏ ͏ ͏ ͏ ͏ ͏ ͏ ͏ ͏ ͏ ͏ ͏ ͏ ͏ ͏ ͏ ͏ ͏ ͏ ͏ ͏ ͏ ͏ ͏ ͏ ͏ ͏ ͏ ͏ ͏ ͏ ͏ ͏ ͏ ͏ ͏ ͏ ͏ ͏ ͏ ͏ ͏,spring sale  off,0,0
Medium Daily Digest <noreply@medium.com>,"You Are Probably Wildly Underestimating How Many Americans Support DEI, New Study Shows | Jessica Stillman","Hikhjs Stories for Hikhjs @hikhjs·Become a member Medium daily digest Today&#39;s highlights Jessica Stillman Jessica Stillman You Are Probably Wildly Underestimating How Many Americans Support DEI,",you are probably wildly underestimating how many americans support dei new study shows  jessica stillman,0,0
Medium Daily Digest <noreply@medium.com>,How I’d learn ML in 2025 (if I could start over) | Boris Meinardus in Towards AI,Hikhjs Stories for Hikhjs @hikhjs·Become a member Medium daily digest Today&#39;s highlights Boris Meinardus Boris MeinardusinTowards AI How I&#39;d learn ML in 2025 (if I could start over) How I&#39;d,how id learn ml in  if i could start over  boris meinardus in towards ai,0,0
Replit <contact@mail.replit.com>,Get Inspired: Amazing Projects Built on Replit ✨,"Hi there! Ready to see what&#39;s possible with Replit? Our community is building incredible things, and we thought you&#39;d love to see some highlights that can spark your creativity! Here are some",get inspired amazing projects built on replit ,0,0
MuseScore <info@mail.musescore.com>,🌼Springtime Sale 90% off,Spring forth &amp; save on your PRO+ subscription ͏ ͏ ͏ ͏ ͏ ͏ ͏ ͏ ͏ ͏ ͏ ͏ ͏ ͏ ͏ ͏ ͏ ͏ ͏ ͏ ͏ ͏ ͏ ͏ ͏ ͏ ͏ ͏ ͏ ͏ ͏ ͏ ͏ ͏ ͏ ͏ ͏ ͏ ͏ ͏ ͏ ͏ ͏ ͏ ͏ ͏ ͏ ͏ ͏ ͏ ͏ ͏ ͏ ͏ ͏ ͏ ͏ ͏ ͏ ͏ ͏ ͏ ͏ ͏ ͏ ͏ ͏ ͏ ͏ ͏ ͏ ͏ ͏ ͏ ͏ ͏,springtime sale  off,0,0
Team Anima <no-reply@animaapp.com>,Welcome to Anima! Start delivering frontend 2x faster,Automate Design to Code with AI Playground Welcome to Anima! Let&#39;s get you started with design to code AI automation. Where would you like to start? We help product teams deliver the best version,welcome to anima start delivering frontend x faster,0,0
Medium Daily Digest <noreply@medium.com>,The 3 Best Platforms For New Writers | Maya Sayvanova in Write A Catalyst,Hikhjs Stories for Hikhjs @hikhjs·Become a member Medium daily digest Today&#39;s highlights Maya Sayvanova Maya SayvanovainWrite A Catalyst The 3 Best Platforms For New Writers The 3 Best Platforms,the  best platforms for new writers  maya sayvanova in write a catalyst,0,0
"""Nintendo of Korea co.,Ltd."" <nintendo-noreply@ccg.nintendo.com>",(광고) 피크민에 대한 다양한 정보를 알려 드립니다.,"(광고) 피크민에 대한 다양한 정보를 알려 드립니다. ・본 메일은 닌텐도 어카운트를 등록하여, 알림 메일 수신에 동의 하신 회원님께 발송되는 메일 입니다. ・추후 메일 수신을 원하지 않으시면 여기 [수신거부]를 클릭하여 주시기 바랍니다. ・If you don&#39;t want to receive this e-mail anymore, [Click here]",광고 피크민에 대한 다양한 정보를 알려 드립니다,1,1
Replit <contact@mail.replit.com>,Atoms Shoe Feat. MKBHD x Replit — Promo Ends Tomorrow,Atoms Shoe Feat. MKBHD x Replit Collector&#39;s Limited Edition — Promo Ends Tomorrow Check out the sustainable sneaker built to take you everywhere — a design collaboration between Marques Brownlee,atoms shoe feat mkbhd x replit  promo ends tomorrow,0,0
Medium Daily Digest <noreply@medium.com>,10 Seconds That Ended My 20 Year Marriage | Unbecoming,Hikhjs Stories for Hikhjs @hikhjs·Become a member Medium daily digest Today&#39;s highlights Unbecoming Unbecoming 10 Seconds That Ended My 20 Year Marriage 10 Seconds That Ended My 20 Year Marriage, seconds that ended my  year marriage  unbecoming,0,0
Replit <contact@mail.replit.com>,"[Read this first] Idea to app, faster than ever","Welcome to Replit! We&#39;re on a mission to bring the next billion software creators online. If more people can create apps and websites, more people can independently create, innovate, and build",read this first idea to app faster than ever,0,0
Medium Daily Digest <noreply@medium.com>,A psychologist’s view: Why you mustn’t chase in relationships | Annika Lindberg in ILLUMINATION,Hikhjs Stories for Hikhjs @hikhjs·Become a member Medium daily digest Today&#39;s highlights Annika Lindberg Annika LindberginILLUMINATION A psychologist&#39;s view: Why you mustn&#39;t chase in,a psychologists view why you mustnt chase in relationships  annika lindberg in illumination,0,0
Medium Daily Digest <noreply@medium.com>,How to Attract a Man or a Woman Not Interested in You | Joanna Henderson in Heart Affairs,Hikhjs Stories for Hikhjs @hikhjs·Become a member Medium daily digest Today&#39;s highlights Joanna Henderson Joanna HendersoninHeart Affairs How to Attract a Man or a Woman Not Interested in You How,how to attract a man or a woman not interested in you  joanna henderson in heart affairs,0,0
amalgamcaptures <info@amalgamcaptures.com>,"Nail Axis: Bold as Love, Live at Leeds, Zep tone: 1967 Sound City One Hundred captures for ToneX, QC",Meet the amp played by 3 of the greatest acts of their generation - SC100‌ ‌ ‌ ‌ ‌ ‌ ‌ ‌ ‌ ‌ ‌ ‌ ‌ ‌ ‌ ‌ ‌ ‌ ‌ ‌ ‌ ‌ ‌ ‌ ‌ ‌ ‌ ‌ ‌ ‌ ‌ ‌ ‌ ‌ ‌ ‌ ‌ ‌ ‌ ‌ ‌ ‌ ‌ ‌ ‌ ‌ ‌ ‌ ‌ ‌ ‌ ‌ ‌ ‌ ‌ ‌ ‌ ‌ ‌ ‌ ‌ ‌ ‌ ‌,nail axis bold as love live at leeds zep tone  sound city one hundred captures for tonex qc,0,0
"""Nintendo of Korea co.,Ltd."" <nintendo-noreply@ccg.nintendo.com>",(광고) 「Nintendo Switch 2 체험회 SEOUL」 사전 응모 진행 중!,"(광고) 「Nintendo Switch 2 체험회 SEOUL」 사전 응모 진행 중! ・본 메일은 닌텐도 어카운트를 등록하여, 알림 메일 수신에 동의 하신 회원님께 발송되는 메일 입니다. ・추후 메일 수신을 원하지 않으시면 여기 [수신거부]를 클릭하여 주시기 바랍니다. ・If you don&#39;t want to receive this e-mail",광고 nintendo switch  체험회 seoul 사전 응모 진행 중,1,1
Medium Daily Digest <noreply@medium.com>,"Musk Overruled Tesla Engineers, And Now They Are In Serious Trouble | Will Lockett in Predict","Hikhjs Stories for Hikhjs @hikhjs·Become a member Medium daily digest Today&#39;s highlights Will Lockett Will LockettinPredict Musk Overruled Tesla Engineers, And Now They Are In Serious Trouble Musk",musk overruled tesla engineers and now they are in serious trouble  will lockett in predict,0,0
PDF By Oscar Torres Ruiz <updates@academia-mail.com>,"📄 ""100128 guthrie govan wonderful slippery thing-2"" by Oscar Torres Ruiz",Academia.edu From your Reading History: 100128 guthrie govan wonderful slippery thing-2 Paper Thumbnail Author Photo Oscar Torres Ruiz 572 Views View PDF ▸ Download PDF ⬇ Want fewer recommendations,  guthrie govan wonderful slippery thing by oscar torres ruiz,0,0
Google <ads-account-noreply@google.com>,[계정 설정 안내] Google 파트너 사이트 및 앱에서의 이용자 활동 정보를 개인 맞춤 광고에 사용할지를 관리할 수 있습니다,[계정 설정 안내] Google 파트너 사이트 및 앱에서의 이용자 활동 정보를 개인 맞춤 광고에 사용할지를 관리할 수 있습니다 홍지수님 안녕하세요. 본 이메일에서는 Google과 파트너 관계를 맺고 Google의 광고 및 애널리틱스 서비스를 이용하는 사이트 및 앱에서 이루어지는 귀하의 활동에 관한 정보가 Google 계정에 저장되고 개인 맞춤 광고를 위하여,계정 설정 안내 google 파트너 사이트 및 앱에서의 이용자 활동 정보를 개인 맞춤 광고에 사용할지를 관리할 수 있습니다,0,0
Medium Daily Digest <noreply@medium.com>,5 Side Projects That Will Make You a Better DevOps Engineer | Zudonu Osomudeya,Hikhjs Stories for Hikhjs @hikhjs·Become a member Medium daily digest Today&#39;s highlights Zudonu Osomudeya Zudonu Osomudeya 5 Side Projects That Will Make You a Better DevOps Engineer 5 Side, side projects that will make you a better devops engineer  zudonu osomudeya,0,0
Gamma <hello@gamma.app>,Gamma 업데이트: 더 빠르게 제작하는 데 도움이 되는 새로운 기능,"안녕하세요, 지수님. Gamma의 목표는 생각의 속도로 아이디어에서 실행에 옮길 수 있도록 돕는 것입니다. 이 달에는 더 빠르게 만들고, 더 쉽게 협업하고, 더 효과적으로 공유할 수 있도록 설계된 새로운 기능들을 소개합니다. 새로운 기능을 확인하세요: Google 프레젠테이션으로 내보내기 Gamma 외부의 팀원과 협업이 필요하신가요? 이제 Google 프레젠",gamma 업데이트 더 빠르게 제작하는 데 도움이 되는 새로운 기능,0,0
Medium Daily Digest <noreply@medium.com>,Google Has Finally Dethroned ChatGPT | Ignacio de Gregorio,Hikhjs Stories for Hikhjs @hikhjs·Become a member Medium daily digest Today&#39;s highlights Ignacio de Gregorio Ignacio de Gregorio Google Has Finally Dethroned ChatGPT Google Has Finally Dethroned,google has finally dethroned chatgpt  ignacio de gregorio,0,0
"""고현아 via Figma"" <comments-s5Y2bQ6rLsd98kavQjcaho@email.figma.com>",고현아 left a comment in UniLife,&quot;ㅁ무뭐뭫뭐해무&quot; ‌ ‌ ‌ ‌ ‌ ‌ ‌ ‌ ‌ ‌ ‌ ‌ ‌ ‌ ‌ ‌ ‌ ‌ ‌ ‌ ‌ ‌ ‌ ‌ ‌ ‌ ‌ ‌ ‌ ‌ ‌ ‌ ‌ ‌ ‌ ‌ ‌ ‌ ‌ ‌ ‌ ‌ ‌ ‌ ‌ ‌ ‌ ‌ ‌ ‌ ‌ ‌ ‌ ‌ ‌ ‌ ‌ ‌ ‌ ‌ ‌ ‌ ‌ ‌ ‌ ‌ ‌ ‌ ‌ ‌ ‌ ‌ ‌ ‌ ‌ ‌ ‌ ‌ ‌ ‌ ‌ ‌ ‌ ‌ ‌ ‌ ‌ ‌ ‌ ‌ ‌,고현아 left a comment in unilife,0,0
Medium Daily Digest <noreply@medium.com>,"The Nudity of Beautiful Young Actresses Can Just Be For The Male Gaze, Okay? | Kim Downey in Bitchy","Hikhjs Stories for Hikhjs @hikhjs·Become a member Medium daily digest Today&#39;s highlights Kim Downey Kim DowneyinBitchy The Nudity of Beautiful Young Actresses Can Just Be For The Male Gaze, Okay?",the nudity of beautiful young actresses can just be for the male gaze okay  kim downey in bitchy,0,0
Medium Daily Digest <noreply@medium.com>,System Design Blueprint: The Ultimate Guide | Love Sharma in ByteByteGo System Design Alliance,Hikhjs Stories for Hikhjs @hikhjs·Become a member Medium daily digest Today&#39;s highlights Love Sharma Love SharmainByteByteGo System Design Alliance System Design Blueprint: The Ultimate Guide,system design blueprint the ultimate guide  love sharma in bytebytego system design alliance,0,0
Medium Daily Digest <noreply@medium.com>,"The 28 Best Things to Eat, According to 10 Nutrition Experts | Robert Roy Britt in Wise & Well","Hikhjs Stories for Hikhjs @hikhjs·Become a member Medium daily digest Today&#39;s highlights Robert Roy Britt Robert Roy BrittinWise &amp; Well The 28 Best Things to Eat, According to 10 Nutrition",the  best things to eat according to  nutrition experts  robert roy britt in wise  well,0,0
Medium Daily Digest <noreply@medium.com>,"You’re Not a Criminal, But You’re Going to Jail: My ICE Detention Story as a Canadian Citizen | Jasmine Mooney","Hikhjs Stories for Hikhjs @hikhjs·Become a member Medium daily digest Today&#39;s highlights Jasmine Mooney Jasmine Mooney You&#39;re Not a Criminal, But You&#39;re Going to Jail: My ICE Detention",youre not a criminal but youre going to jail my ice detention story as a canadian citizen  jasmine mooney,0,0
Medium Daily Digest <noreply@medium.com>,How 60 Minutes a Day Can Change Your Life | Roy Phang in alphtitude,Hikhjs Stories for Hikhjs @hikhjs·Become a member Medium daily digest Today&#39;s highlights Roy Phang Roy Phanginalphtitude How 60 Minutes a Day Can Change Your Life How 60 Minutes a Day Can Change,how  minutes a day can change your life  roy phang in alphtitude,0,0
MuseScore <info@mail.musescore.com>,Spring Sale: 83% off,Save big on MuseScore Learn ͏ ͏ ͏ ͏ ͏ ͏ ͏ ͏ ͏ ͏ ͏ ͏ ͏ ͏ ͏ ͏ ͏ ͏ ͏ ͏ ͏ ͏ ͏ ͏ ͏ ͏ ͏ ͏ ͏ ͏ ͏ ͏ ͏ ͏ ͏ ͏ ͏ ͏ ͏ ͏ ͏ ͏ ͏ ͏ ͏ ͏ ͏ ͏ ͏ ͏ ͏ ͏ ͏ ͏ ͏ ͏ ͏ ͏ ͏ ͏ ͏ ͏ ͏ ͏ ͏ ͏ ͏ ͏ ͏ ͏ ͏ ͏ ͏ ͏ ͏ ͏ ͏ ͏ ͏ ͏ ͏ ͏ ͏ ͏ ͏ ͏ ͏,spring sale  off,0,0
"""Nintendo of Korea co.,Ltd."" <nintendo-noreply@ccg.nintendo.com>",(광고) 『제노블레이드 크로니클스 크로스 디피니티브 에디션』 발매! 「피크민 팝업 스토어 in 더현대 서울」 3월 27일 오픈.,"(광고) 『제노블레이드 크로니클스 크로스 디피니티브 에디션』 발매! 「피크민 팝업 스토어 in 더현대 서울」 3월 27일 오픈. ・본 메일은 닌텐도 어카운트를 등록하여, 알림 메일 수신에 동의 하신 회원님께 발송되는 메일 입니다. ・추후 메일 수신을 원하지 않으시면 여기 [수신거부]를 클릭하여 주시기 바랍니다. ・If you don&#39;t want to",광고 제노블레이드 크로니클스 크로스 디피니티브 에디션 발매 피크민 팝업 스토어 in 더현대 서울 월 일 오픈,1,1
Medium Daily Digest <noreply@medium.com>,10 Behaviors You Should Never Accept In Your Relationship | James Michael Sama,Hikhjs Stories for Hikhjs @hikhjs·Become a member Medium daily digest Today&#39;s highlights James Michael Sama James Michael Sama 10 Behaviors You Should Never Accept In Your Relationship 10 Behaviors, behaviors you should never accept in your relationship  james michael sama,0,0
MuseScore <info@mail.musescore.com>,🌼Springtime Sale 90% off,Spring forth &amp; save on your PRO+ subscription ͏ ͏ ͏ ͏ ͏ ͏ ͏ ͏ ͏ ͏ ͏ ͏ ͏ ͏ ͏ ͏ ͏ ͏ ͏ ͏ ͏ ͏ ͏ ͏ ͏ ͏ ͏ ͏ ͏ ͏ ͏ ͏ ͏ ͏ ͏ ͏ ͏ ͏ ͏ ͏ ͏ ͏ ͏ ͏ ͏ ͏ ͏ ͏ ͏ ͏ ͏ ͏ ͏ ͏ ͏ ͏ ͏ ͏ ͏ ͏ ͏ ͏ ͏ ͏ ͏ ͏ ͏ ͏ ͏ ͏ ͏ ͏ ͏ ͏ ͏ ͏,springtime sale  off,0,0
Figma <support@figma.com>,Edit request from Zisoux (202345015@itc.ac.kr),Zisoux (202345015@itc.ac.kr) would like to edit UniLife. ‌ ‌ ‌ ‌ ‌ ‌ ‌ ‌ ‌ ‌ ‌ ‌ ‌ ‌ ‌ ‌ ‌ ‌ ‌ ‌ ‌ ‌ ‌ ‌ ‌ ‌ ‌ ‌ ‌ ‌ ‌ ‌ ‌ ‌ ‌ ‌ ‌ ‌ ‌ ‌ ‌ ‌ ‌ ‌ ‌ ‌ ‌ ‌ ‌ ‌ ‌ ‌ ‌ ‌ ‌ ‌ ‌ ‌ ‌ ‌ ‌ ‌ ‌ ‌ ‌ ‌ ‌ ‌ ‌ ‌ ‌ ‌,edit request from zisoux itcackr,0,0
Figma <support@figma.com>,View request from Zisoux (202345015@itc.ac.kr),Zisoux (202345015@itc.ac.kr) would like to view UniLife. ‌ ‌ ‌ ‌ ‌ ‌ ‌ ‌ ‌ ‌ ‌ ‌ ‌ ‌ ‌ ‌ ‌ ‌ ‌ ‌ ‌ ‌ ‌ ‌ ‌ ‌ ‌ ‌ ‌ ‌ ‌ ‌ ‌ ‌ ‌ ‌ ‌ ‌ ‌ ‌ ‌ ‌ ‌ ‌ ‌ ‌ ‌ ‌ ‌ ‌ ‌ ‌ ‌ ‌ ‌ ‌ ‌ ‌ ‌ ‌ ‌ ‌ ‌ ‌ ‌ ‌ ‌ ‌ ‌ ‌ ‌ ‌,view request from zisoux itcackr,0,0
